frame_idx,timestamp,action
0,1771664034.308061,NONE
1,1771664034.397866,NONE
2,1771664034.464621,NONE
3,1771664034.531320,NONE
4,1771664034.599133,NONE
5,1771664034.666119,NONE
6,1771664034.733259,NONE
7,1771664034.801239,NONE
8,1771664034.868270,NONE
9,1771664034.936317,NONE
10,1771664035.003075,NONE
11,1771664035.069834,NONE
12,1771664035.137186,NONE
13,1771664035.204738,NONE
14,1771664035.271721,NONE
15,1771664035.339349,NONE
16,1771664035.406976,NONE
17,1771664035.475043,NONE
18,1771664035.542986,NONE
19,1771664035.610370,NONE
20,1771664035.677288,NONE
21,1771664035.745125,NONE
22,1771664035.812801,NONE
23,1771664035.880551,NONE
24,1771664035.948688,NONE
25,1771664036.015675,NONE
26,1771664036.083399,NONE
27,1771664036.150664,NONE
28,1771664036.218307,NONE
29,1771664036.285533,NONE
30,1771664036.352428,NONE
31,1771664036.419790,NONE
32,1771664036.487895,NONE
33,1771664036.555069,NONE
34,1771664036.623099,NONE
35,1771664036.690621,NONE
36,1771664036.757767,NONE
37,1771664036.825293,NONE
38,1771664036.892805,NONE
39,1771664036.959610,NONE
40,1771664037.026477,NONE
41,1771664037.093477,NONE
42,1771664037.161253,NONE
43,1771664037.228203,NONE
44,1771664037.295137,NONE
45,1771664037.362553,NONE
46,1771664037.464208,NONE
47,1771664037.531700,NONE
48,1771664037.599125,NONE
49,1771664037.665934,NONE
50,1771664037.733972,NONE
51,1771664037.801301,NONE
52,1771664037.868187,NONE
53,1771664037.935822,NONE
54,1771664038.003871,NONE
55,1771664038.071279,NONE
56,1771664038.138086,NONE
57,1771664038.206146,NONE
58,1771664038.303340,NONE
59,1771664038.370232,NONE
60,1771664038.437119,NONE
61,1771664038.503917,NONE
62,1771664038.571911,NONE
63,1771664038.638838,NONE
64,1771664038.706553,NONE
65,1771664038.774200,NONE
66,1771664038.842324,NONE
67,1771664038.909029,NONE
68,1771664038.976136,NONE
69,1771664039.043913,NONE
70,1771664039.111666,NONE
71,1771664039.179310,NONE
72,1771664039.246848,NONE
73,1771664039.314737,NONE
74,1771664039.382247,NONE
75,1771664039.450035,NONE
76,1771664039.517371,NONE
77,1771664039.585202,NONE
78,1771664039.651939,NONE
79,1771664039.719619,NONE
80,1771664039.786811,NONE
81,1771664039.854183,NONE
82,1771664039.922358,NONE
83,1771664039.990519,NONE
84,1771664040.057785,NONE
85,1771664040.124858,NONE
86,1771664040.192168,NONE
87,1771664040.260205,NONE
88,1771664040.328331,NONE
89,1771664040.395185,NONE
90,1771664040.462425,NONE
91,1771664040.529170,NONE
92,1771664060.327974,NONE
93,1771664060.404884,NONE
94,1771664060.473169,NONE
95,1771664060.540928,NONE
96,1771664060.609122,NONE
97,1771664060.677211,NONE
98,1771664060.745100,NONE
99,1771664060.812538,NONE
100,1771664060.879662,NONE
101,1771664060.947128,NONE
102,1771664061.013967,NONE
103,1771664061.081603,NONE
104,1771664061.148347,NONE
105,1771664061.216554,NONE
106,1771664061.283415,NONE
107,1771664061.350240,NONE
108,1771664061.418459,NONE
109,1771664061.485465,NONE
110,1771664061.552263,NONE
111,1771664061.619486,NONE
112,1771664061.686966,NONE
113,1771664061.754584,NONE
114,1771664061.822042,NONE
115,1771664061.888923,NONE
116,1771664061.957071,NONE
117,1771664062.024659,NONE
118,1771664062.092508,NONE
119,1771664062.160168,NONE
120,1771664062.227329,NONE
121,1771664062.295042,NONE
122,1771664062.362309,NONE
123,1771664062.429481,NONE
124,1771664062.496265,NONE
125,1771664062.563400,NONE
126,1771664062.630968,NONE
127,1771664062.698700,NONE
128,1771664062.766660,NONE
129,1771664062.833694,NONE
130,1771664062.900554,NONE
131,1771664062.967236,NONE
132,1771664063.035080,NONE
133,1771664063.103271,NONE
134,1771664063.170232,NONE
135,1771664063.238285,NONE
136,1771664063.305822,NONE
137,1771664063.373764,NONE
138,1771664063.441655,NONE
139,1771664063.508558,NONE
140,1771664063.575372,NONE
141,1771664063.642220,NONE
142,1771664063.709324,NONE
143,1771664063.776830,NONE
144,1771664063.844862,NONE
145,1771664063.912724,NONE
146,1771664063.980417,NONE
147,1771664064.047102,NONE
148,1771664064.115300,NONE
149,1771664064.181981,NONE
150,1771664064.250001,NONE
151,1771664064.316670,NONE
152,1771664064.384088,NONE
153,1771664064.451504,NONE
154,1771664064.519598,NONE
155,1771664064.587619,NONE
156,1771664064.654315,NONE
157,1771664064.721691,NONE
158,1771664064.788419,NONE
159,1771664064.855313,NONE
160,1771664064.922826,NONE
161,1771664064.990348,NONE
162,1771664065.058014,NONE
163,1771664065.125136,NONE
164,1771664065.192052,NONE
165,1771664065.259819,NONE
166,1771664065.326574,NONE
167,1771664065.393560,NONE
168,1771664065.461191,NONE
169,1771664065.528303,NONE
170,1771664065.596076,NONE
171,1771664065.663524,NONE
172,1771664065.730882,NONE
173,1771664065.798099,NONE
174,1771664065.864777,NONE
175,1771664065.931768,NONE
176,1771664065.998673,NONE
177,1771664066.066017,NONE
178,1771664066.133605,NONE
179,1771664066.200606,NONE
180,1771664066.267801,NONE
181,1771664066.336030,NONE
182,1771664066.404000,NONE
183,1771664066.471479,NONE
184,1771664066.539535,NONE
185,1771664066.606878,NONE
186,1771664066.674602,NONE
187,1771664066.741820,NONE
188,1771664066.808599,NONE
189,1771664066.876555,NONE
190,1771664066.943889,NONE
191,1771664067.011862,NONE
192,1771664067.079890,NONE
193,1771664067.146917,NONE
194,1771664067.214285,NONE
195,1771664067.280981,NONE
196,1771664067.348281,NONE
197,1771664067.416123,NONE
198,1771664067.483686,NONE
199,1771664067.551075,NONE
200,1771664067.618390,NONE
201,1771664067.685464,NONE
202,1771664067.752178,NONE
203,1771664067.819055,NONE
204,1771664067.886211,NONE
205,1771664067.953504,NONE
206,1771664068.021444,NONE
207,1771664068.089556,NONE
208,1771664068.156916,NONE
209,1771664068.224771,NONE
210,1771664068.291913,NONE
211,1771664068.359181,NONE
212,1771664068.426353,NONE
213,1771664068.493474,NONE
214,1771664068.560715,NONE
215,1771664068.627849,NONE
216,1771664068.695331,NONE
217,1771664068.763393,NONE
218,1771664068.830257,NONE
219,1771664068.898193,NONE
220,1771664068.964869,NONE
221,1771664069.032425,NONE
222,1771664069.099501,NONE
223,1771664069.167008,NONE
224,1771664069.234788,NONE
225,1771664069.302477,NONE
226,1771664069.370273,NONE
227,1771664069.437448,NONE
228,1771664069.504913,NONE
229,1771664069.572163,NONE
230,1771664069.640017,NONE
231,1771664069.707005,NONE
232,1771664069.773672,NONE
233,1771664069.840613,NONE
234,1771664069.908409,NONE
235,1771664069.975322,NONE
236,1771664070.042708,NONE
237,1771664070.109869,NONE
238,1771664070.177960,NONE
239,1771664070.245075,NONE
240,1771664070.312715,NONE
241,1771664070.380115,NONE
242,1771664070.447811,NONE
243,1771664070.514916,NONE
244,1771664070.582106,NONE
245,1771664070.649147,NONE
246,1771664070.716724,NONE
247,1771664070.783792,NONE
248,1771664070.851232,NONE
249,1771664070.918010,NONE
250,1771664070.985586,NONE
251,1771664071.052303,NONE
252,1771664071.119653,NONE
253,1771664071.186954,NONE
254,1771664071.253965,NONE
255,1771664071.321882,NONE
256,1771664071.389840,NONE
257,1771664071.457457,NONE
258,1771664071.524841,NONE
259,1771664071.592547,NONE
260,1771664071.660276,NONE
261,1771664071.727257,NONE
262,1771664071.794930,NONE
263,1771664071.861946,NONE
264,1771664071.929520,NONE
265,1771664071.996459,NONE
266,1771664072.063512,NONE
267,1771664072.131534,NONE
268,1771664072.198650,NONE
269,1771664072.266180,NONE
270,1771664072.334108,NONE
271,1771664072.401976,NONE
272,1771664072.469587,NONE
273,1771664072.537382,NONE
274,1771664072.604134,NONE
275,1771664072.672252,NONE
276,1771664072.738940,NONE
277,1771664072.806555,NONE
278,1771664072.873542,NONE
279,1771664072.941504,NONE
280,1771664073.008807,NONE
281,1771664073.076206,NONE
282,1771664073.144197,NONE
283,1771664073.212160,NONE
284,1771664073.280172,NONE
285,1771664073.348335,NONE
286,1771664073.416096,NONE
287,1771664073.483004,NONE
288,1771664073.550558,NONE
289,1771664073.617350,NONE
290,1771664073.685008,NONE
291,1771664073.751737,NONE
292,1771664073.818990,NONE
293,1771664073.887149,NONE
294,1771664073.955145,NONE
295,1771664074.023354,NONE
296,1771664074.090716,NONE
297,1771664074.157624,NONE
298,1771664074.225519,NONE
299,1771664074.293489,NONE
300,1771664074.360269,NONE
301,1771664074.427343,NONE
302,1771664074.494900,NONE
303,1771664074.562114,NONE
304,1771664074.629719,NONE
305,1771664074.696675,NONE
306,1771664074.764443,NONE
307,1771664074.831286,NONE
308,1771664074.898732,NONE
309,1771664074.966015,NONE
310,1771664075.033067,NONE
311,1771664075.101248,NONE
312,1771664075.168530,NONE
313,1771664075.236470,NONE
314,1771664075.304089,NONE
315,1771664075.371930,NONE
316,1771664075.440006,NONE
317,1771664075.506988,NONE
318,1771664075.574501,NONE
319,1771664075.642468,NONE
320,1771664075.710392,NONE
321,1771664075.777295,NONE
322,1771664075.844639,NONE
323,1771664075.911838,NONE
324,1771664075.979215,NONE
325,1771664076.046453,NONE
326,1771664076.113844,NONE
327,1771664076.180890,NONE
328,1771664076.248321,NONE
329,1771664076.315369,NONE
330,1771664076.382396,NONE
331,1771664076.449300,NONE
332,1771664076.516793,NONE
333,1771664076.583613,LEFT
334,1771664076.651481,NONE
335,1771664076.719254,NONE
336,1771664076.787320,LEFT
337,1771664076.854263,NONE
338,1771664076.921848,NONE
339,1771664076.989482,NONE
340,1771664077.056843,NONE
341,1771664077.124260,NONE
342,1771664077.192457,NONE
343,1771664077.260457,NONE
344,1771664077.327983,NONE
345,1771664077.395798,NONE
346,1771664077.463230,NONE
347,1771664077.531312,NONE
348,1771664077.598740,NONE
349,1771664077.666135,NONE
350,1771664077.733165,NONE
351,1771664077.800631,NONE
352,1771664077.867319,NONE
353,1771664077.935436,NONE
354,1771664078.003282,NONE
355,1771664078.071167,NONE
356,1771664078.138449,NONE
357,1771664078.205532,NONE
358,1771664078.272996,NONE
359,1771664078.340422,NONE
360,1771664078.407840,NONE
361,1771664078.475005,NONE
362,1771664078.542245,NONE
363,1771664078.609791,NONE
364,1771664078.676787,NONE
365,1771664078.744552,NONE
366,1771664078.811679,NONE
367,1771664078.879282,NONE
368,1771664078.946753,NONE
369,1771664079.014343,NONE
370,1771664079.081235,NONE
371,1771664079.149392,NONE
372,1771664079.216793,NONE
373,1771664079.283944,NONE
374,1771664079.351788,NONE
375,1771664079.418609,NONE
376,1771664079.486081,NONE
377,1771664079.553320,NONE
378,1771664079.620366,NONE
379,1771664079.688372,NONE
380,1771664079.756215,NONE
381,1771664079.824367,NONE
382,1771664079.891836,NONE
383,1771664079.958619,NONE
384,1771664080.025995,NONE
385,1771664080.093032,NONE
386,1771664080.160400,NONE
387,1771664080.227388,NONE
388,1771664080.294062,NONE
389,1771664080.360949,NONE
390,1771664080.428100,NONE
391,1771664080.495325,NONE
392,1771664080.562537,NONE
393,1771664080.629463,NONE
394,1771664080.697287,NONE
395,1771664080.765328,NONE
396,1771664080.832361,NONE
397,1771664080.899229,NONE
398,1771664080.967177,NONE
399,1771664081.035260,NONE
400,1771664081.102553,NONE
401,1771664081.170536,NONE
402,1771664081.238724,NONE
403,1771664081.305864,NONE
404,1771664081.373323,NONE
405,1771664081.441517,NONE
406,1771664081.509653,NONE
407,1771664081.577587,NONE
408,1771664081.644823,NONE
409,1771664081.712350,NONE
410,1771664081.780512,NONE
411,1771664081.847266,NONE
412,1771664081.914063,NONE
413,1771664081.981084,NONE
414,1771664082.048134,NONE
415,1771664082.115176,NONE
416,1771664082.182633,NONE
417,1771664082.250254,NONE
418,1771664082.318003,NONE
419,1771664082.385861,NONE
420,1771664082.453433,NONE
421,1771664082.520269,NONE
422,1771664082.587608,NONE
423,1771664082.655071,NONE
424,1771664082.722006,NONE
425,1771664082.789183,NONE
426,1771664082.856931,NONE
427,1771664082.925143,NONE
428,1771664082.993263,NONE
429,1771664083.061187,NONE
430,1771664083.128697,NONE
431,1771664083.196004,NONE
432,1771664083.263991,NONE
433,1771664083.331358,NONE
434,1771664083.399194,NONE
435,1771664083.466890,NONE
436,1771664083.534518,NONE
437,1771664083.601902,NONE
438,1771664083.669219,NONE
439,1771664083.736676,NONE
440,1771664083.803349,NONE
441,1771664083.870952,NONE
442,1771664083.939162,NONE
443,1771664084.005889,NONE
444,1771664084.072875,NONE
445,1771664084.139704,NONE
446,1771664084.206901,NONE
447,1771664084.274439,NONE
448,1771664084.342380,NONE
449,1771664084.410486,NONE
450,1771664084.478324,NONE
451,1771664084.546309,NONE
452,1771664084.613056,NONE
453,1771664084.680163,NONE
454,1771664084.747050,NONE
455,1771664084.814231,NONE
456,1771664084.882276,NONE
457,1771664084.949214,NONE
458,1771664085.016756,NONE
459,1771664085.083970,NONE
460,1771664085.151019,NONE
461,1771664085.217706,NONE
462,1771664085.284816,NONE
463,1771664085.352531,NONE
464,1771664085.419957,NONE
465,1771664085.486686,NONE
466,1771664085.554482,NONE
467,1771664085.621700,NONE
468,1771664085.688668,NONE
469,1771664085.756766,NONE
470,1771664085.824387,NONE
471,1771664085.891457,NONE
472,1771664085.958506,NONE
473,1771664086.025247,NONE
474,1771664086.092577,NONE
475,1771664086.160072,NONE
476,1771664086.227168,NONE
477,1771664086.294767,NONE
478,1771664086.362060,NONE
479,1771664086.430171,NONE
480,1771664086.497866,NONE
481,1771664086.564607,NONE
482,1771664086.631595,NONE
483,1771664086.699122,NONE
484,1771664086.766849,NONE
485,1771664086.834615,NONE
486,1771664086.901717,NONE
487,1771664086.969269,NONE
488,1771664087.036844,NONE
489,1771664087.105010,NONE
490,1771664087.171952,NONE
491,1771664087.239672,NONE
492,1771664087.307349,NONE
493,1771664087.374941,NONE
494,1771664087.442983,NONE
495,1771664087.510932,NONE
496,1771664087.578768,NONE
497,1771664087.645879,NONE
498,1771664087.713508,NONE
499,1771664087.780314,NONE
500,1771664087.848086,NONE
501,1771664087.915541,NONE
502,1771664087.983346,NONE
503,1771664088.050367,NONE
504,1771664088.118341,NONE
505,1771664088.185358,NONE
506,1771664088.252548,NONE
507,1771664088.319661,NONE
508,1771664088.387881,NONE
509,1771664098.254977,NONE
510,1771664098.321809,NONE
511,1771664098.389653,NONE
512,1771664098.456468,NONE
513,1771664098.524114,NONE
514,1771664098.591159,NONE
515,1771664098.658129,NONE
516,1771664098.725417,NONE
517,1771664098.793490,NONE
518,1771664098.860765,NONE
519,1771664098.928167,NONE
520,1771664098.995618,NONE
521,1771664099.063184,NONE
522,1771664099.130564,NONE
523,1771664099.198085,NONE
524,1771664099.265637,NONE
525,1771664099.333060,NONE
526,1771664099.399881,NONE
527,1771664099.467344,NONE
528,1771664099.534149,NONE
529,1771664099.601019,NONE
530,1771664099.668678,NONE
531,1771664099.736260,NONE
532,1771664099.803435,NONE
533,1771664099.871546,NONE
534,1771664099.939164,NONE
535,1771664100.007151,NONE
536,1771664100.074963,NONE
537,1771664100.142363,NONE
538,1771664100.210604,NONE
539,1771664100.277309,NONE
540,1771664100.345062,NONE
541,1771664100.411900,NONE
542,1771664100.478843,NONE
543,1771664100.546237,NONE
544,1771664100.614011,NONE
545,1771664100.681485,NONE
546,1771664100.748717,NONE
547,1771664100.815897,NONE
548,1771664100.883964,NONE
549,1771664100.951606,NONE
550,1771664101.019121,NONE
551,1771664101.086034,NONE
552,1771664101.153070,NONE
553,1771664101.221091,NONE
554,1771664101.288394,NONE
555,1771664101.355187,NONE
556,1771664101.422373,NONE
557,1771664101.489314,NONE
558,1771664101.556604,NONE
559,1771664101.623488,NONE
560,1771664101.690300,NONE
561,1771664101.758441,NONE
562,1771664101.826611,NONE
563,1771664101.893803,NONE
564,1771664101.960755,NONE
565,1771664102.027534,NONE
566,1771664102.095172,NONE
567,1771664102.162505,NONE
568,1771664102.229288,NONE
569,1771664102.297517,NONE
570,1771664102.364987,NONE
571,1771664102.432698,NONE
572,1771664102.500352,NONE
573,1771664102.567685,NONE
574,1771664102.635476,NONE
575,1771664102.703200,NONE
576,1771664102.770168,NONE
577,1771664102.837299,NONE
578,1771664102.904841,NONE
579,1771664102.972414,NONE
580,1771664103.039542,NONE
581,1771664103.107756,NONE
582,1771664103.175425,NONE
583,1771664103.243509,NONE
584,1771664103.310524,NONE
585,1771664103.378287,NONE
586,1771664103.445338,NONE
587,1771664103.512585,NONE
588,1771664103.580609,NONE
589,1771664103.648768,NONE
590,1771664103.716738,NONE
591,1771664103.783767,NONE
592,1771664103.851130,NONE
593,1771664103.918601,NONE
594,1771664103.986609,LEFT
595,1771664104.054278,NONE
596,1771664104.120960,NONE
597,1771664104.188500,NONE
598,1771664104.255860,NONE
599,1771664104.323491,NONE
600,1771664104.390263,NONE
601,1771664104.457188,LEFT
602,1771664104.525012,NONE
603,1771664104.592600,NONE
604,1771664104.659622,LEFT
605,1771664104.726411,NONE
606,1771664104.793515,NONE
607,1771664104.860456,NONE
608,1771664104.927439,LEFT
609,1771664104.994856,NONE
610,1771664105.061995,NONE
611,1771664105.129840,NONE
612,1771664105.197153,NONE
613,1771664105.265313,LEFT
614,1771664105.332703,NONE
615,1771664105.400883,NONE
616,1771664105.469124,LEFT
617,1771664105.536756,NONE
618,1771664105.604465,NONE
619,1771664105.671290,NONE
620,1771664105.738983,NONE
621,1771664105.806864,NONE
622,1771664105.874137,NONE
623,1771664105.941489,NONE
624,1771664106.008556,NONE
625,1771664106.076733,NONE
626,1771664106.144309,NONE
627,1771664106.212330,NONE
628,1771664106.279382,NONE
629,1771664106.346915,NONE
630,1771664106.414783,NONE
631,1771664106.481763,NONE
632,1771664106.549606,NONE
633,1771664106.616299,NONE
634,1771664106.684167,NONE
635,1771664106.752448,NONE
636,1771664106.819252,NONE
637,1771664106.886399,NONE
638,1771664106.954064,NONE
639,1771664107.022172,NONE
640,1771664107.089949,LEFT
641,1771664107.157633,NONE
642,1771664107.225255,NONE
643,1771664107.293386,NONE
644,1771664107.360458,NONE
645,1771664107.427912,NONE
646,1771664107.495927,NONE
647,1771664107.563465,NONE
648,1771664107.630677,SOFT_DROP
649,1771664107.697565,NONE
650,1771664107.764603,NONE
651,1771664107.832530,SOFT_DROP
652,1771664107.900755,NONE
653,1771664107.968443,NONE
654,1771664108.035240,NONE
655,1771664108.102858,SOFT_DROP
656,1771664108.171066,NONE
657,1771664108.238330,NONE
658,1771664108.305598,NONE
659,1771664108.372733,NONE
660,1771664108.439712,NONE
661,1771664108.507825,NONE
662,1771664108.574569,NONE
663,1771664108.641900,NONE
664,1771664108.710043,NONE
665,1771664108.777952,NONE
666,1771664108.845719,NONE
667,1771664108.912623,NONE
668,1771664108.980221,NONE
669,1771664109.047389,NONE
670,1771664109.115202,NONE
671,1771664109.182984,NONE
672,1771664109.250537,NONE
673,1771664109.318798,NONE
674,1771664109.386310,ROTATE
675,1771664109.453622,NONE
676,1771664109.520378,NONE
677,1771664109.588349,NONE
678,1771664109.655818,NONE
679,1771664109.722928,NONE
680,1771664109.791040,ROTATE
681,1771664109.857882,NONE
682,1771664109.925136,NONE
683,1771664109.993276,NONE
684,1771664110.060960,ROTATE
685,1771664110.128310,NONE
686,1771664110.195621,NONE
687,1771664110.263321,NONE
688,1771664110.330008,NONE
689,1771664110.397840,NONE
690,1771664110.465084,NONE
691,1771664110.532343,NONE
692,1771664110.600355,NONE
693,1771664110.667024,NONE
694,1771664110.733744,NONE
695,1771664110.801309,ROTATE
696,1771664110.868820,NONE
697,1771664110.935845,NONE
698,1771664111.003313,NONE
699,1771664111.070603,NONE
700,1771664111.137864,NONE
701,1771664111.205788,NONE
702,1771664111.273819,NONE
703,1771664111.341921,ROTATE
704,1771664111.409644,NONE
705,1771664111.476382,NONE
706,1771664111.543180,NONE
707,1771664111.610702,NONE
708,1771664111.678173,NONE
709,1771664111.745816,NONE
710,1771664111.812768,NONE
711,1771664111.880814,NONE
712,1771664111.947519,NONE
713,1771664112.014898,NONE
714,1771664112.082462,NONE
715,1771664112.149829,NONE
716,1771664112.217185,NONE
717,1771664112.283945,NONE
718,1771664112.351571,NONE
719,1771664112.419114,NONE
720,1771664112.486387,ROTATE
721,1771664112.554253,NONE
722,1771664112.622406,NONE
723,1771664112.689188,NONE
724,1771664112.757258,NONE
725,1771664112.825373,ROTATE
726,1771664112.893394,NONE
727,1771664112.960588,NONE
728,1771664113.028080,NONE
729,1771664113.095224,NONE
730,1771664113.163076,NONE
731,1771664113.230669,ROTATE
732,1771664113.298301,NONE
733,1771664113.366230,NONE
734,1771664113.433503,NONE
735,1771664113.501204,NONE
736,1771664113.568986,NONE
737,1771664113.636319,NONE
738,1771664113.703257,LEFT
739,1771664113.770750,NONE
740,1771664113.837635,NONE
741,1771664113.905024,NONE
742,1771664113.973149,NONE
743,1771664114.040613,NONE
744,1771664114.108394,NONE
745,1771664114.175748,LEFT
746,1771664114.242674,LEFT
747,1771664114.310692,LEFT
748,1771664114.377823,LEFT
749,1771664114.445450,NONE
750,1771664114.512991,NONE
751,1771664114.580578,LEFT
752,1771664114.647628,NONE
753,1771664114.714561,NONE
754,1771664114.781995,NONE
755,1771664114.849054,NONE
756,1771664114.916325,NONE
757,1771664114.983280,NONE
758,1771664115.050216,NONE
759,1771664115.118295,NONE
760,1771664115.185490,NONE
761,1771664115.252698,NONE
762,1771664115.320147,NONE
763,1771664115.387480,NONE
764,1771664115.454332,NONE
765,1771664115.521518,NONE
766,1771664115.589195,NONE
767,1771664115.657279,NONE
768,1771664115.725252,NONE
769,1771664115.792499,NONE
770,1771664115.859331,NONE
771,1771664115.927078,NONE
772,1771664115.994696,NONE
773,1771664116.062825,NONE
774,1771664116.130836,NONE
775,1771664116.199056,NONE
776,1771664116.266862,NONE
777,1771664116.333744,NONE
778,1771664116.401423,NONE
779,1771664116.468776,NONE
780,1771664116.536418,NONE
781,1771664116.603481,NONE
782,1771664116.671613,NONE
783,1771664116.738440,NONE
784,1771664116.805184,NONE
785,1771664116.872777,NONE
786,1771664116.940590,NONE
787,1771664117.007874,NONE
788,1771664117.075699,NONE
789,1771664117.143830,NONE
790,1771664117.211617,NONE
791,1771664117.279195,NONE
792,1771664117.346233,RIGHT
793,1771664117.414228,NONE
794,1771664117.481142,NONE
795,1771664117.548876,RIGHT
796,1771664117.615593,NONE
797,1771664117.682974,NONE
798,1771664117.750064,ROTATE
799,1771664117.816952,NONE
800,1771664117.884918,NONE
801,1771664117.952692,NONE
802,1771664118.019850,NONE
803,1771664118.086656,ROTATE
804,1771664118.153552,NONE
805,1771664118.221691,NONE
806,1771664118.288581,NONE
807,1771664118.356333,NONE
808,1771664118.424388,NONE
809,1771664118.492179,ROTATE
810,1771664118.559341,NONE
811,1771664118.626462,NONE
812,1771664118.693832,NONE
813,1771664118.761151,NONE
814,1771664118.828876,NONE
815,1771664118.896002,NONE
816,1771664118.963641,ROTATE
817,1771664119.030333,NONE
818,1771664119.097597,NONE
819,1771664119.165209,NONE
820,1771664119.232304,NONE
821,1771664119.299806,ROTATE
822,1771664119.367771,NONE
823,1771664119.436099,NONE
824,1771664119.503293,NONE
825,1771664119.571055,NONE
826,1771664119.638615,ROTATE
827,1771664119.706497,NONE
828,1771664119.773656,NONE
829,1771664119.841011,NONE
830,1771664119.909158,NONE
831,1771664119.976837,RIGHT
832,1771664120.043595,NONE
833,1771664120.110809,NONE
834,1771664120.178277,RIGHT
835,1771664120.245964,NONE
836,1771664120.313027,RIGHT
837,1771664120.379833,NONE
838,1771664120.446624,RIGHT
839,1771664120.514480,NONE
840,1771664120.582676,NONE
841,1771664120.650652,NONE
842,1771664120.717857,NONE
843,1771664120.784575,SOFT_DROP
844,1771664120.851745,NONE
845,1771664120.919041,NONE
846,1771664120.985875,SOFT_DROP
847,1771664121.053272,NONE
848,1771664121.120169,SOFT_DROP
849,1771664121.188273,NONE
850,1771664121.255546,NONE
851,1771664121.322677,NONE
852,1771664121.390236,NONE
853,1771664121.457387,NONE
854,1771664121.525496,SOFT_DROP
855,1771664121.592787,NONE
856,1771664121.659656,NONE
857,1771664121.727161,NONE
858,1771664121.795384,NONE
859,1771664121.862792,NONE
860,1771664121.929767,NONE
861,1771664121.996450,NONE
862,1771664122.064075,NONE
863,1771664122.131000,NONE
864,1771664122.197987,NONE
865,1771664122.266040,NONE
866,1771664122.333975,NONE
867,1771664122.400771,NONE
868,1771664122.467454,NONE
869,1771664122.534443,NONE
870,1771664122.601752,NONE
871,1771664122.669389,NONE
872,1771664122.736709,NONE
873,1771664122.804953,NONE
874,1771664122.871624,NONE
875,1771664122.938931,NONE
876,1771664123.006437,NONE
877,1771664123.073539,NONE
878,1771664123.141647,NONE
879,1771664123.208563,NONE
880,1771664123.276720,NONE
881,1771664123.343469,ROTATE
882,1771664123.411188,NONE
883,1771664123.479347,NONE
884,1771664123.546559,NONE
885,1771664123.613950,NONE
886,1771664123.682106,NONE
887,1771664123.748989,NONE
888,1771664123.817074,NONE
889,1771664123.884761,ROTATE
890,1771664123.951573,NONE
891,1771664124.018261,NONE
892,1771664124.086169,NONE
893,1771664124.153787,NONE
894,1771664124.221653,NONE
895,1771664124.289370,NONE
896,1771664124.356190,NONE
897,1771664124.424116,NONE
898,1771664124.491610,NONE
899,1771664124.558882,NONE
900,1771664124.626655,NONE
901,1771664124.693877,NONE
902,1771664124.760662,NONE
903,1771664124.827759,NONE
904,1771664124.895452,ROTATE
905,1771664124.962842,NONE
906,1771664125.030686,NONE
907,1771664125.097373,NONE
908,1771664125.164531,NONE
909,1771664125.232041,NONE
910,1771664125.299850,NONE
911,1771664125.367826,NONE
912,1771664125.435367,RIGHT
913,1771664125.502961,NONE
914,1771664125.570885,NONE
915,1771664125.637783,NONE
916,1771664125.705983,NONE
917,1771664125.773848,SOFT_DROP
918,1771664125.840772,NONE
919,1771664125.907487,SOFT_DROP
920,1771664125.975521,NONE
921,1771664126.043601,NONE
922,1771664126.111622,NONE
923,1771664126.178490,NONE
924,1771664126.245885,NONE
925,1771664126.312594,NONE
926,1771664126.380546,NONE
927,1771664126.447883,NONE
928,1771664126.515196,NONE
929,1771664126.582400,RIGHT
930,1771664126.649916,NONE
931,1771664126.717157,NONE
932,1771664126.784440,RIGHT
933,1771664126.851299,NONE
934,1771664126.918667,NONE
935,1771664126.986121,NONE
936,1771664127.053682,NONE
937,1771664127.121580,NONE
938,1771664127.188603,NONE
939,1771664127.256107,NONE
940,1771664127.323166,NONE
941,1771664127.390632,NONE
942,1771664127.457390,SOFT_DROP
943,1771664127.524768,NONE
944,1771664127.592597,SOFT_DROP
945,1771664127.660227,NONE
946,1771664127.728224,NONE
947,1771664127.795709,SOFT_DROP
948,1771664127.862521,NONE
949,1771664127.930187,NONE
950,1771664127.997510,NONE
951,1771664128.064849,NONE
952,1771664128.132429,NONE
953,1771664128.199277,NONE
954,1771664128.266825,NONE
955,1771664128.334367,NONE
956,1771664128.402009,NONE
957,1771664128.470033,NONE
958,1771664128.537644,NONE
959,1771664128.605273,NONE
960,1771664128.672129,NONE
961,1771664128.738917,NONE
962,1771664128.807032,NONE
963,1771664128.875082,LEFT
964,1771664128.943020,NONE
965,1771664129.011092,LEFT
966,1771664129.078302,NONE
967,1771664129.145802,NONE
968,1771664129.212933,LEFT
969,1771664129.279714,NONE
970,1771664129.347593,LEFT
971,1771664129.414692,NONE
972,1771664129.482588,NONE
973,1771664129.549931,ROTATE
974,1771664129.616988,NONE
975,1771664129.684350,NONE
976,1771664129.751573,NONE
977,1771664129.818823,NONE
978,1771664129.885913,NONE
979,1771664129.953041,NONE
980,1771664130.021388,NONE
981,1771664130.089210,NONE
982,1771664130.156901,NONE
983,1771664130.224426,SOFT_DROP
984,1771664130.291250,NONE
985,1771664130.358152,SOFT_DROP
986,1771664130.426111,NONE
987,1771664130.493473,SOFT_DROP
988,1771664130.561185,NONE
989,1771664130.629173,NONE
990,1771664130.697285,SOFT_DROP
991,1771664130.764672,NONE
992,1771664130.832022,NONE
993,1771664130.899005,NONE
994,1771664130.966238,NONE
995,1771664131.034167,NONE
996,1771664131.101472,NONE
997,1771664131.168354,NONE
998,1771664131.235316,NONE
999,1771664131.302584,NONE
1000,1771664131.370380,NONE
1001,1771664131.437760,NONE
1002,1771664131.504516,NONE
1003,1771664131.571194,NONE
1004,1771664131.638091,NONE
1005,1771664131.705309,NONE
1006,1771664131.773323,NONE
1007,1771664131.841081,NONE
1008,1771664131.909309,NONE
1009,1771664131.976187,NONE
1010,1771664132.044115,NONE
1011,1771664132.110826,NONE
1012,1771664132.177836,NONE
1013,1771664132.244683,NONE
1014,1771664132.312619,NONE
1015,1771664132.379792,NONE
1016,1771664132.446968,NONE
1017,1771664132.514018,NONE
1018,1771664132.581726,NONE
1019,1771664132.648519,NONE
1020,1771664132.715507,NONE
1021,1771664132.783267,NONE
1022,1771664132.850586,NONE
1023,1771664132.918322,NONE
1024,1771664132.986135,NONE
1025,1771664133.053475,NONE
1026,1771664133.120466,NONE
1027,1771664133.188832,NONE
1028,1771664133.256610,NONE
1029,1771664133.324612,LEFT
1030,1771664133.392631,NONE
1031,1771664133.459508,LEFT
1032,1771664133.527435,NONE
1033,1771664133.595085,LEFT
1034,1771664133.662688,NONE
1035,1771664133.729513,NONE
1036,1771664133.797312,LEFT
1037,1771664133.865095,NONE
1038,1771664133.932603,LEFT
1039,1771664134.000119,NONE
1040,1771664134.067881,LEFT
1041,1771664134.135279,NONE
1042,1771664134.202148,NONE
1043,1771664134.270070,LEFT
1044,1771664134.336946,NONE
1045,1771664134.403901,NONE
1046,1771664134.470778,NONE
1047,1771664134.537826,NONE
1048,1771664134.605102,NONE
1049,1771664134.672904,NONE
1050,1771664134.740039,NONE
1051,1771664134.807518,NONE
1052,1771664134.875432,NONE
1053,1771664134.943643,NONE
1054,1771664135.011647,NONE
1055,1771664135.078667,NONE
1056,1771664135.146511,NONE
1057,1771664135.214704,NONE
1058,1771664135.282361,NONE
1059,1771664135.349230,NONE
1060,1771664135.416223,NONE
1061,1771664135.484119,NONE
1062,1771664135.552066,NONE
1063,1771664135.619393,NONE
1064,1771664135.686546,NONE
1065,1771664135.754056,NONE
1066,1771664135.821645,NONE
1067,1771664135.888510,ROTATE
1068,1771664135.955710,NONE
1069,1771664136.022699,NONE
1070,1771664136.089458,NONE
1071,1771664136.156290,NONE
1072,1771664136.223155,NONE
1073,1771664136.290435,NONE
1074,1771664136.357427,NONE
1075,1771664136.424685,NONE
1076,1771664136.492473,NONE
1077,1771664136.559638,NONE
1078,1771664136.626414,NONE
1079,1771664136.693633,NONE
1080,1771664136.761681,NONE
1081,1771664136.828798,NONE
1082,1771664136.896382,NONE
1083,1771664136.963542,NONE
1084,1771664137.030284,NONE
1085,1771664137.098005,NONE
1086,1771664137.165694,RIGHT
1087,1771664137.233418,NONE
1088,1771664137.301166,NONE
1089,1771664137.369136,NONE
1090,1771664137.436784,NONE
1091,1771664137.504603,NONE
1092,1771664137.572508,RIGHT
1093,1771664137.639339,NONE
1094,1771664137.706737,NONE
1095,1771664137.774062,NONE
1096,1771664137.842104,NONE
1097,1771664137.908809,NONE
1098,1771664137.975956,NONE
1099,1771664138.043636,RIGHT
1100,1771664138.111291,NONE
1101,1771664138.178266,NONE
1102,1771664138.244989,NONE
1103,1771664138.312983,NONE
1104,1771664138.380464,NONE
1105,1771664138.447295,SOFT_DROP
1106,1771664138.514397,NONE
1107,1771664138.581987,SOFT_DROP
1108,1771664138.649276,NONE
1109,1771664138.716301,NONE
1110,1771664138.783940,SOFT_DROP
1111,1771664138.851393,NONE
1112,1771664138.919236,SOFT_DROP
1113,1771664138.986453,NONE
1114,1771664139.054260,SOFT_DROP
1115,1771664139.122283,NONE
1116,1771664139.189637,NONE
1117,1771664139.257696,SOFT_DROP
1118,1771664139.325169,NONE
1119,1771664139.392440,NONE
1120,1771664139.460392,NONE
1121,1771664139.527152,NONE
1122,1771664139.594836,NONE
1123,1771664139.662445,NONE
1124,1771664139.729870,NONE
1125,1771664139.796593,NONE
1126,1771664139.863606,NONE
1127,1771664139.931348,NONE
1128,1771664139.998397,NONE
1129,1771664140.065368,NONE
1130,1771664140.133046,NONE
1131,1771664140.200460,NONE
1132,1771664140.268301,NONE
1133,1771664140.335969,NONE
1134,1771664140.402644,NONE
1135,1771664140.470279,NONE
1136,1771664140.537821,NONE
1137,1771664140.606020,NONE
1138,1771664140.673348,SOFT_DROP
1139,1771664140.740859,NONE
1140,1771664140.808669,NONE
1141,1771664140.875671,SOFT_DROP
1142,1771664140.943791,NONE
1143,1771664141.012021,NONE
1144,1771664141.079294,SOFT_DROP
1145,1771664141.146590,NONE
1146,1771664141.214513,SOFT_DROP
1147,1771664141.281720,NONE
1148,1771664141.348482,NONE
1149,1771664141.415425,SOFT_DROP
1150,1771664141.483176,NONE
1151,1771664141.550379,NONE
1152,1771664141.618176,NONE
1153,1771664141.685244,NONE
1154,1771664141.752577,SOFT_DROP
1155,1771664141.820155,NONE
1156,1771664141.887008,NONE
1157,1771664141.954584,NONE
1158,1771664142.022357,NONE
1159,1771664142.090131,RIGHT
1160,1771664142.156889,NONE
1161,1771664142.224645,NONE
1162,1771664142.291817,NONE
1163,1771664142.359683,NONE
1164,1771664142.426706,SOFT_DROP
1165,1771664142.493807,NONE
1166,1771664142.561750,SOFT_DROP
1167,1771664142.628735,NONE
1168,1771664142.696113,NONE
1169,1771664142.763972,SOFT_DROP
1170,1771664142.831915,NONE
1171,1771664142.899082,SOFT_DROP
1172,1771664142.966849,NONE
1173,1771664143.034861,NONE
1174,1771664143.102392,NONE
1175,1771664143.169738,NONE
1176,1771664143.236443,NONE
1177,1771664143.303415,NONE
1178,1771664143.371073,NONE
1179,1771664143.438276,NONE
1180,1771664143.505040,NONE
1181,1771664143.571773,NONE
1182,1771664143.639268,NONE
1183,1771664143.707405,NONE
1184,1771664143.775195,NONE
1185,1771664143.842003,NONE
1186,1771664143.909524,NONE
1187,1771664143.977682,NONE
1188,1771664144.045297,NONE
1189,1771664144.112847,NONE
1190,1771664144.179877,LEFT
1191,1771664144.247435,NONE
1192,1771664144.315237,NONE
1193,1771664144.382398,NONE
1194,1771664144.449301,LEFT
1195,1771664144.517218,NONE
1196,1771664144.584732,NONE
1197,1771664144.652529,ROTATE
1198,1771664144.719717,NONE
1199,1771664144.786546,NONE
1200,1771664144.853413,NONE
1201,1771664144.920092,NONE
1202,1771664144.987213,NONE
1203,1771664145.054959,NONE
1204,1771664145.121876,NONE
1205,1771664145.190132,NONE
1206,1771664145.257583,SOFT_DROP
1207,1771664145.325794,NONE
1208,1771664145.393701,NONE
1209,1771664145.460487,SOFT_DROP
1210,1771664145.527477,NONE
1211,1771664145.594804,SOFT_DROP
1212,1771664145.662776,NONE
1213,1771664145.729620,NONE
1214,1771664145.796683,SOFT_DROP
1215,1771664145.864340,NONE
1216,1771664145.931700,SOFT_DROP
1217,1771664145.998727,NONE
1218,1771664146.066186,SOFT_DROP
1219,1771664146.133397,NONE
1220,1771664146.201274,NONE
1221,1771664146.268019,SOFT_DROP
1222,1771664146.335298,NONE
1223,1771664146.403356,SOFT_DROP
1224,1771664146.471505,NONE
1225,1771664146.539429,SOFT_DROP
1226,1771664146.607202,NONE
1227,1771664146.674409,NONE
1228,1771664146.742047,SOFT_DROP
1229,1771664146.809561,NONE
1230,1771664146.877628,NONE
1231,1771664146.945477,NONE
1232,1771664147.013646,NONE
1233,1771664147.081838,NONE
1234,1771664147.149251,NONE
1235,1771664147.216535,NONE
1236,1771664147.283980,NONE
1237,1771664147.351171,NONE
1238,1771664147.418234,NONE
1239,1771664147.485240,NONE
1240,1771664147.553394,NONE
1241,1771664147.620883,NONE
1242,1771664147.688086,NONE
1243,1771664147.755893,LEFT
1244,1771664147.823871,NONE
1245,1771664147.892111,LEFT
1246,1771664147.960077,NONE
1247,1771664148.027803,NONE
1248,1771664148.095781,LEFT
1249,1771664148.162584,NONE
1250,1771664148.229369,NONE
1251,1771664148.296142,ROTATE
1252,1771664148.364343,NONE
1253,1771664148.431859,NONE
1254,1771664148.499965,NONE
1255,1771664148.568002,NONE
1256,1771664148.635321,NONE
1257,1771664148.702754,NONE
1258,1771664148.770701,NONE
1259,1771664148.838391,SOFT_DROP
1260,1771664148.905997,NONE
1261,1771664148.973378,NONE
1262,1771664149.041241,SOFT_DROP
1263,1771664149.108306,NONE
1264,1771664149.175416,SOFT_DROP
1265,1771664149.242647,NONE
1266,1771664149.310625,NONE
1267,1771664149.378657,NONE
1268,1771664149.445861,NONE
1269,1771664149.513217,NONE
1270,1771664149.580306,NONE
1271,1771664149.648395,NONE
1272,1771664149.715991,NONE
1273,1771664149.783013,NONE
1274,1771664149.849990,NONE
1275,1771664149.916850,NONE
1276,1771664149.984319,NONE
1277,1771664150.051726,LEFT
1278,1771664150.119651,NONE
1279,1771664150.187253,NONE
1280,1771664150.254006,NONE
1281,1771664150.320745,NONE
1282,1771664150.387659,NONE
1283,1771664150.455860,NONE
1284,1771664150.523369,SOFT_DROP
1285,1771664150.590152,NONE
1286,1771664150.658375,NONE
1287,1771664150.725829,SOFT_DROP
1288,1771664150.793452,NONE
1289,1771664150.861251,SOFT_DROP
1290,1771664150.928568,NONE
1291,1771664150.996061,SOFT_DROP
1292,1771664151.062782,NONE
1293,1771664151.130661,NONE
1294,1771664151.197696,SOFT_DROP
1295,1771664151.265285,NONE
1296,1771664151.332736,NONE
1297,1771664151.400495,NONE
1298,1771664151.467203,NONE
1299,1771664151.534597,NONE
1300,1771664151.601646,NONE
1301,1771664151.669098,NONE
1302,1771664151.736542,NONE
1303,1771664151.804738,NONE
1304,1771664151.872248,NONE
1305,1771664151.939590,NONE
1306,1771664152.006970,NONE
1307,1771664152.073936,NONE
1308,1771664152.141671,NONE
1309,1771664152.208478,NONE
1310,1771664152.275830,NONE
1311,1771664152.343775,NONE
1312,1771664152.410587,NONE
1313,1771664152.477443,NONE
1314,1771664152.545551,NONE
1315,1771664152.612506,NONE
1316,1771664152.679440,NONE
1317,1771664152.747090,NONE
1318,1771664152.814605,NONE
1319,1771664152.882310,NONE
1320,1771664152.949529,NONE
1321,1771664153.017406,NONE
1322,1771664153.085285,NONE
1323,1771664153.152403,NONE
1324,1771664153.219795,NONE
1325,1771664153.286671,NONE
1326,1771664153.353454,NONE
1327,1771664153.420861,ROTATE
1328,1771664153.488161,NONE
1329,1771664153.555486,NONE
1330,1771664153.623260,NONE
1331,1771664153.691036,NONE
1332,1771664153.757821,NONE
1333,1771664153.825190,NONE
1334,1771664153.892324,NONE
1335,1771664153.959362,NONE
1336,1771664154.026695,NONE
1337,1771664154.093925,NONE
1338,1771664154.161181,NONE
1339,1771664154.228311,NONE
1340,1771664154.296190,LEFT
1341,1771664154.363193,NONE
1342,1771664154.431348,NONE
1343,1771664154.498437,NONE
1344,1771664154.566482,NONE
1345,1771664154.634138,LEFT
1346,1771664154.701532,NONE
1347,1771664154.769092,LEFT
1348,1771664154.836267,NONE
1349,1771664154.903636,LEFT
1350,1771664154.971298,NONE
1351,1771664155.038295,NONE
1352,1771664155.105366,NONE
1353,1771664155.172637,NONE
1354,1771664155.240173,NONE
1355,1771664155.307863,NONE
1356,1771664155.375568,NONE
1357,1771664155.442800,RIGHT
1358,1771664155.510227,NONE
1359,1771664155.577798,NONE
1360,1771664155.645844,SOFT_DROP
1361,1771664155.712911,NONE
1362,1771664155.780120,NONE
1363,1771664155.847467,SOFT_DROP
1364,1771664155.914137,NONE
1365,1771664155.981973,SOFT_DROP
1366,1771664156.048774,NONE
1367,1771664156.116478,NONE
1368,1771664156.183580,SOFT_DROP
1369,1771664156.250645,NONE
1370,1771664156.318066,SOFT_DROP
1371,1771664156.385152,NONE
1372,1771664156.453242,NONE
1373,1771664156.520497,SOFT_DROP
1374,1771664156.587546,NONE
1375,1771664156.654653,NONE
1376,1771664156.722553,NONE
1377,1771664156.790831,NONE
1378,1771664156.858793,NONE
1379,1771664156.925716,NONE
1380,1771664156.993696,NONE
1381,1771664157.061395,NONE
1382,1771664157.129463,NONE
1383,1771664157.197372,NONE
1384,1771664157.264996,NONE
1385,1771664157.332550,NONE
1386,1771664157.400084,NONE
1387,1771664157.466991,NONE
1388,1771664157.534374,NONE
1389,1771664157.602036,NONE
1390,1771664157.669432,NONE
1391,1771664157.736144,NONE
1392,1771664157.803890,NONE
1393,1771664157.870928,RIGHT
1394,1771664157.938016,NONE
1395,1771664158.005875,NONE
1396,1771664158.074095,RIGHT
1397,1771664158.140949,NONE
1398,1771664158.207747,RIGHT
1399,1771664158.274456,NONE
1400,1771664158.341596,RIGHT
1401,1771664158.409311,NONE
1402,1771664158.476115,NONE
1403,1771664158.544219,NONE
1404,1771664158.611115,NONE
1405,1771664158.678957,RIGHT
1406,1771664158.746393,NONE
1407,1771664158.814042,NONE
1408,1771664158.881924,NONE
1409,1771664158.950153,NONE
1410,1771664159.018212,SOFT_DROP
1411,1771664159.086331,NONE
1412,1771664159.153628,SOFT_DROP
1413,1771664159.221328,NONE
1414,1771664159.289385,SOFT_DROP
1415,1771664159.356411,NONE
1416,1771664159.424269,SOFT_DROP
1417,1771664159.491488,NONE
1418,1771664159.558256,NONE
1419,1771664159.625616,SOFT_DROP
1420,1771664159.692658,NONE
1421,1771664159.760483,SOFT_DROP
1422,1771664159.828552,NONE
1423,1771664159.896741,SOFT_DROP
1424,1771664159.964417,NONE
1425,1771664160.031790,SOFT_DROP
1426,1771664160.099099,NONE
1427,1771664160.166574,SOFT_DROP
1428,1771664160.233412,NONE
1429,1771664160.300633,NONE
1430,1771664160.367671,SOFT_DROP
1431,1771664160.435391,NONE
1432,1771664160.502637,NONE
1433,1771664160.570764,NONE
1434,1771664160.637830,NONE
1435,1771664160.705146,NONE
1436,1771664160.772543,NONE
1437,1771664160.839522,NONE
1438,1771664160.906857,NONE
1439,1771664160.974114,NONE
1440,1771664161.041712,NONE
1441,1771664161.109289,NONE
1442,1771664161.176441,NONE
1443,1771664161.243851,LEFT
1444,1771664161.311060,NONE
1445,1771664161.378184,NONE
1446,1771664161.445040,NONE
1447,1771664161.512438,NONE
1448,1771664161.579865,NONE
1449,1771664161.647597,NONE
1450,1771664161.714899,NONE
1451,1771664161.782064,NONE
1452,1771664161.849057,NONE
1453,1771664161.916301,NONE
1454,1771664161.983715,NONE
1455,1771664162.051127,NONE
1456,1771664162.118991,NONE
1457,1771664162.186321,RIGHT
1458,1771664162.253408,NONE
1459,1771664162.320301,NONE
1460,1771664162.387274,NONE
1461,1771664162.454825,NONE
1462,1771664162.522467,NONE
1463,1771664162.590542,NONE
1464,1771664162.657940,NONE
1465,1771664162.724752,NONE
1466,1771664162.791984,RIGHT
1467,1771664162.859910,NONE
1468,1771664162.926796,NONE
1469,1771664162.994983,NONE
1470,1771664163.062906,NONE
1471,1771664163.130552,RIGHT
1472,1771664163.197900,NONE
1473,1771664163.265469,NONE
1474,1771664163.332601,NONE
1475,1771664163.399691,NONE
1476,1771664163.466674,NONE
1477,1771664163.533929,NONE
1478,1771664163.601216,NONE
1479,1771664163.668064,LEFT
1480,1771664163.735735,NONE
1481,1771664163.802781,NONE
1482,1771664163.869660,SOFT_DROP
1483,1771664163.937360,NONE
1484,1771664164.004426,NONE
1485,1771664164.072009,SOFT_DROP
1486,1771664164.139576,NONE
1487,1771664164.207507,SOFT_DROP
1488,1771664164.274424,NONE
1489,1771664164.341980,SOFT_DROP
1490,1771664164.408956,NONE
1491,1771664164.476073,NONE
1492,1771664164.543916,SOFT_DROP
1493,1771664164.611608,NONE
1494,1771664164.678536,SOFT_DROP
1495,1771664164.745555,NONE
1496,1771664164.813397,SOFT_DROP
1497,1771664164.881289,NONE
1498,1771664164.948673,NONE
1499,1771664165.016199,NONE
1500,1771664165.083311,NONE
1501,1771664165.150343,NONE
1502,1771664165.217506,NONE
1503,1771664165.284194,NONE
1504,1771664165.351500,NONE
1505,1771664165.419517,NONE
1506,1771664165.486264,NONE
1507,1771664165.554021,NONE
1508,1771664165.621783,NONE
1509,1771664165.689859,NONE
1510,1771664165.757396,NONE
1511,1771664165.824943,NONE
1512,1771664165.892017,NONE
1513,1771664165.960072,NONE
1514,1771664166.027692,NONE
1515,1771664166.095214,NONE
1516,1771664166.162562,NONE
1517,1771664166.230237,NONE
1518,1771664166.297892,NONE
1519,1771664166.365656,NONE
1520,1771664166.433528,NONE
1521,1771664166.501510,NONE
1522,1771664166.568452,NONE
1523,1771664166.635264,NONE
1524,1771664166.702735,NONE
1525,1771664166.769755,NONE
1526,1771664166.837839,NONE
1527,1771664166.905848,NONE
1528,1771664166.973181,NONE
1529,1771664167.041295,NONE
1530,1771664167.108151,NONE
1531,1771664167.175154,NONE
1532,1771664167.243095,NONE
1533,1771664167.310340,NONE
1534,1771664167.378561,NONE
1535,1771664167.445947,NONE
1536,1771664167.513530,NONE
1537,1771664167.581623,NONE
1538,1771664167.648828,NONE
1539,1771664167.716237,NONE
1540,1771664167.782973,NONE
1541,1771664167.849997,NONE
1542,1771664167.917111,NONE
1543,1771664167.985096,LEFT
1544,1771664168.052963,NONE
1545,1771664168.120105,NONE
1546,1771664168.187834,NONE
1547,1771664168.255864,NONE
1548,1771664168.323068,NONE
1549,1771664168.390467,NONE
1550,1771664168.458023,NONE
1551,1771664168.525300,NONE
1552,1771664168.593154,SOFT_DROP
1553,1771664168.661235,NONE
1554,1771664168.728222,NONE
1555,1771664168.796172,SOFT_DROP
1556,1771664168.863054,NONE
1557,1771664168.930784,SOFT_DROP
1558,1771664168.998314,NONE
1559,1771664169.065597,NONE
1560,1771664169.132842,SOFT_DROP
1561,1771664169.199772,NONE
1562,1771664169.267810,SOFT_DROP
1563,1771664169.335618,NONE
1564,1771664169.403258,SOFT_DROP
1565,1771664169.470140,NONE
1566,1771664169.537613,SOFT_DROP
1567,1771664169.604946,NONE
1568,1771664169.672002,NONE
1569,1771664169.738944,SOFT_DROP
1570,1771664169.806727,NONE
1571,1771664169.874700,NONE
1572,1771664169.941955,NONE
1573,1771664170.008638,NONE
1574,1771664170.076641,NONE
1575,1771664170.143327,NONE
1576,1771664170.210634,NONE
1577,1771664170.277753,NONE
1578,1771664170.344791,NONE
1579,1771664170.412980,NONE
1580,1771664170.481108,NONE
1581,1771664170.548335,ROTATE
1582,1771664170.616191,NONE
1583,1771664170.683813,NONE
1584,1771664170.750969,NONE
1585,1771664170.818749,NONE
1586,1771664170.886703,NONE
1587,1771664170.954366,NONE
1588,1771664171.022542,NONE
1589,1771664171.089466,RIGHT
1590,1771664171.156779,NONE
1591,1771664171.223574,NONE
1592,1771664171.291040,RIGHT
1593,1771664171.358357,NONE
1594,1771664171.425844,NONE
1595,1771664171.493167,NONE
1596,1771664171.560864,NONE
1597,1771664171.628869,NONE
1598,1771664171.696703,RIGHT
1599,1771664171.763498,NONE
1600,1771664171.830397,NONE
1601,1771664171.898311,RIGHT
1602,1771664171.965907,NONE
1603,1771664172.033782,RIGHT
1604,1771664172.100872,NONE
1605,1771664172.167795,RIGHT
1606,1771664172.235444,NONE
1607,1771664172.302822,NONE
1608,1771664172.370223,NONE
1609,1771664172.437316,SOFT_DROP
1610,1771664172.504344,NONE
1611,1771664172.572559,SOFT_DROP
1612,1771664172.639562,NONE
1613,1771664172.706961,NONE
1614,1771664172.774295,SOFT_DROP
1615,1771664172.841180,NONE
1616,1771664172.908529,SOFT_DROP
1617,1771664172.976507,NONE
1618,1771664173.043414,SOFT_DROP
1619,1771664173.110177,NONE
1620,1771664173.177423,NONE
1621,1771664173.244555,SOFT_DROP
1622,1771664173.312176,NONE
1623,1771664173.379461,SOFT_DROP
1624,1771664173.446503,NONE
1625,1771664173.514627,SOFT_DROP
1626,1771664173.582139,NONE
1627,1771664173.649618,NONE
1628,1771664173.717577,NONE
1629,1771664173.784707,NONE
1630,1771664173.851767,NONE
1631,1771664173.919253,NONE
1632,1771664173.986624,NONE
1633,1771664174.053855,NONE
1634,1771664174.121821,NONE
1635,1771664174.188960,NONE
1636,1771664174.255784,NONE
1637,1771664174.323117,NONE
1638,1771664174.390795,NONE
1639,1771664174.457594,NONE
1640,1771664174.524503,NONE
1641,1771664174.591263,NONE
1642,1771664174.658760,NONE
1643,1771664174.726321,NONE
1644,1771664174.793709,NONE
1645,1771664174.861158,NONE
1646,1771664174.928118,NONE
1647,1771664174.996278,NONE
1648,1771664175.064178,LEFT
1649,1771664175.131893,NONE
1650,1771664175.199641,NONE
1651,1771664175.266433,LEFT
1652,1771664175.334246,NONE
1653,1771664175.402065,NONE
1654,1771664175.469177,LEFT
1655,1771664175.535938,NONE
1656,1771664175.603129,NONE
1657,1771664175.670665,NONE
1658,1771664175.737983,NONE
1659,1771664175.804999,NONE
1660,1771664175.873210,NONE
1661,1771664175.940872,NONE
1662,1771664176.008817,NONE
1663,1771664176.076614,NONE
1664,1771664176.143599,ROTATE
1665,1771664176.210434,NONE
1666,1771664176.278153,NONE
1667,1771664176.346249,NONE
1668,1771664176.414119,NONE
1669,1771664176.481629,NONE
1670,1771664176.548781,NONE
1671,1771664176.615779,ROTATE
1672,1771664176.683963,NONE
1673,1771664176.751853,NONE
1674,1771664176.818886,NONE
1675,1771664176.886101,NONE
1676,1771664176.953308,NONE
1677,1771664177.020903,NONE
1678,1771664177.088581,NONE
1679,1771664177.155443,NONE
1680,1771664177.222186,ROTATE
1681,1771664177.290340,NONE
1682,1771664177.357100,NONE
1683,1771664177.424636,NONE
1684,1771664177.491401,NONE
1685,1771664177.559594,NONE
1686,1771664177.626964,NONE
1687,1771664177.694186,NONE
1688,1771664177.761359,NONE
1689,1771664177.828798,NONE
1690,1771664177.896808,NONE
1691,1771664177.965211,NONE
1692,1771664178.032154,NONE
1693,1771664178.099929,NONE
1694,1771664178.168110,NONE
1695,1771664178.236320,NONE
1696,1771664178.304478,NONE
1697,1771664178.371150,NONE
1698,1771664178.438771,NONE
1699,1771664178.505917,NONE
1700,1771664178.573328,LEFT
1701,1771664178.641312,NONE
1702,1771664178.709486,NONE
1703,1771664178.776881,NONE
1704,1771664178.845029,NONE
1705,1771664178.912233,NONE
1706,1771664178.979202,NONE
1707,1771664179.046776,NONE
1708,1771664179.113603,NONE
1709,1771664179.181437,NONE
1710,1771664179.248991,NONE
1711,1771664179.316603,NONE
1712,1771664179.384852,NONE
1713,1771664179.452270,NONE
1714,1771664179.519720,NONE
1715,1771664179.587152,NONE
1716,1771664179.654919,NONE
1717,1771664179.722381,NONE
1718,1771664179.790178,NONE
1719,1771664179.856893,NONE
1720,1771664179.924036,NONE
1721,1771664179.991581,NONE
1722,1771664180.058992,NONE
1723,1771664180.126419,NONE
1724,1771664180.194050,NONE
1725,1771664180.262035,NONE
1726,1771664180.329784,NONE
1727,1771664180.397462,NONE
1728,1771664180.464831,NONE
1729,1771664180.531629,NONE
1730,1771664180.598669,NONE
1731,1771664180.666430,NONE
1732,1771664180.733936,NONE
1733,1771664180.801826,NONE
1734,1771664180.869109,NONE
1735,1771664180.935925,NONE
1736,1771664181.004081,LEFT
1737,1771664181.071627,NONE
1738,1771664181.139485,NONE
1739,1771664181.206651,NONE
1740,1771664181.274720,LEFT
1741,1771664181.342774,NONE
1742,1771664181.410409,NONE
1743,1771664181.478598,LEFT
1744,1771664181.545689,NONE
1745,1771664181.613524,LEFT
1746,1771664181.681347,NONE
1747,1771664181.748767,NONE
1748,1771664181.815475,NONE
1749,1771664181.882478,NONE
1750,1771664181.949260,NONE
1751,1771664182.017332,NONE
1752,1771664182.084831,NONE
1753,1771664182.152637,NONE
1754,1771664182.220163,NONE
1755,1771664182.287430,NONE
1756,1771664182.354606,NONE
1757,1771664182.421366,NONE
1758,1771664182.488390,NONE
1759,1771664182.556510,NONE
1760,1771664182.624260,NONE
1761,1771664182.692216,NONE
1762,1771664182.759918,NONE
1763,1771664182.828114,NONE
1764,1771664182.895511,NONE
1765,1771664182.962439,NONE
1766,1771664183.029588,NONE
1767,1771664183.096882,NONE
1768,1771664183.164453,NONE
1769,1771664183.232573,NONE
1770,1771664183.299683,NONE
1771,1771664183.367814,NONE
1772,1771664183.434652,NONE
1773,1771664183.502073,NONE
1774,1771664183.569735,RIGHT
1775,1771664183.636827,NONE
1776,1771664183.703675,NONE
1777,1771664183.771172,RIGHT
1778,1771664183.838851,NONE
1779,1771664183.906382,NONE
1780,1771664183.974216,NONE
1781,1771664184.041880,ROTATE
1782,1771664184.110069,NONE
1783,1771664184.178032,NONE
1784,1771664184.244810,NONE
1785,1771664184.312585,NONE
1786,1771664184.380696,NONE
1787,1771664184.447552,RIGHT
1788,1771664184.515038,NONE
1789,1771664184.581800,NONE
1790,1771664184.649864,RIGHT
1791,1771664184.717106,NONE
1792,1771664184.784073,NONE
1793,1771664184.851936,SOFT_DROP
1794,1771664184.919106,NONE
1795,1771664184.987040,SOFT_DROP
1796,1771664185.054880,NONE
1797,1771664185.122605,NONE
1798,1771664185.190218,SOFT_DROP
1799,1771664185.257783,NONE
1800,1771664185.325745,SOFT_DROP
1801,1771664185.392758,NONE
1802,1771664185.459776,SOFT_DROP
1803,1771664185.526966,NONE
1804,1771664185.594739,NONE
1805,1771664185.662905,NONE
1806,1771664185.730394,NONE
1807,1771664185.797810,SOFT_DROP
1808,1771664185.864516,NONE
1809,1771664185.931909,NONE
1810,1771664185.999749,NONE
1811,1771664186.067316,NONE
1812,1771664186.134078,NONE
1813,1771664186.201997,NONE
1814,1771664186.269934,NONE
1815,1771664186.337110,NONE
1816,1771664186.404109,NONE
1817,1771664186.471179,NONE
1818,1771664186.539361,NONE
1819,1771664186.606247,NONE
1820,1771664186.673470,NONE
1821,1771664186.740385,NONE
1822,1771664186.807121,NONE
1823,1771664186.874673,NONE
1824,1771664186.941353,NONE
1825,1771664187.008836,NONE
1826,1771664187.076566,NONE
1827,1771664187.143951,NONE
1828,1771664187.211434,NONE
1829,1771664187.278316,ROTATE
1830,1771664187.345199,NONE
1831,1771664187.412554,NONE
1832,1771664187.479988,NONE
1833,1771664187.547567,NONE
1834,1771664187.615790,NONE
1835,1771664187.683301,NONE
1836,1771664187.750653,LEFT
1837,1771664187.818274,NONE
1838,1771664187.886432,NONE
1839,1771664187.954177,LEFT
1840,1771664188.021011,NONE
1841,1771664188.088366,LEFT
1842,1771664188.155670,NONE
1843,1771664188.223058,NONE
1844,1771664188.290452,NONE
1845,1771664188.358605,NONE
1846,1771664188.426439,NONE
1847,1771664188.494343,NONE
1848,1771664188.561130,NONE
1849,1771664188.628340,NONE
1850,1771664188.696134,NONE
1851,1771664188.763541,SOFT_DROP
1852,1771664188.831257,NONE
1853,1771664188.898058,NONE
1854,1771664188.965691,SOFT_DROP
1855,1771664189.032629,NONE
1856,1771664189.100386,LEFT
1857,1771664189.167469,NONE
1858,1771664189.234205,NONE
1859,1771664189.300896,LEFT
1860,1771664189.367986,NONE
1861,1771664189.436164,NONE
1862,1771664189.504052,NONE
1863,1771664189.571119,NONE
1864,1771664189.639056,RIGHT
1865,1771664189.706930,NONE
1866,1771664189.774698,NONE
1867,1771664189.841741,RIGHT
1868,1771664189.909120,NONE
1869,1771664189.976761,NONE
1870,1771664190.044788,SOFT_DROP
1871,1771664190.112058,NONE
1872,1771664190.179932,SOFT_DROP
1873,1771664190.246842,NONE
1874,1771664190.314213,NONE
1875,1771664190.382119,SOFT_DROP
1876,1771664190.449360,NONE
1877,1771664190.516374,SOFT_DROP
1878,1771664190.583881,NONE
1879,1771664190.650650,NONE
1880,1771664190.718168,NONE
1881,1771664190.785199,NONE
1882,1771664190.851981,NONE
1883,1771664190.919126,NONE
1884,1771664190.986673,NONE
1885,1771664191.054774,NONE
1886,1771664191.122737,NONE
1887,1771664191.190177,NONE
1888,1771664191.257171,NONE
1889,1771664191.324254,NONE
1890,1771664191.392315,NONE
1891,1771664191.459165,NONE
1892,1771664191.527026,NONE
1893,1771664191.594117,NONE
1894,1771664191.661771,NONE
1895,1771664191.728737,NONE
1896,1771664191.796078,NONE
1897,1771664191.864339,ROTATE
1898,1771664191.931942,NONE
1899,1771664191.998761,NONE
1900,1771664192.065563,NONE
1901,1771664192.133749,NONE
1902,1771664192.201102,NONE
1903,1771664192.268392,NONE
1904,1771664192.335728,NONE
1905,1771664192.403016,NONE
1906,1771664192.469869,NONE
1907,1771664192.538171,SOFT_DROP
1908,1771664192.605740,NONE
1909,1771664192.672864,SOFT_DROP
1910,1771664192.740530,NONE
1911,1771664192.807976,SOFT_DROP
1912,1771664192.875209,NONE
1913,1771664192.943415,NONE
1914,1771664193.010657,SOFT_DROP
1915,1771664193.077559,NONE
1916,1771664193.144465,SOFT_DROP
1917,1771664193.212078,NONE
1918,1771664193.279143,SOFT_DROP
1919,1771664193.346717,NONE
1920,1771664193.413499,NONE
1921,1771664193.480946,NONE
1922,1771664193.548969,NONE
1923,1771664193.616884,NONE
1924,1771664193.684028,NONE
1925,1771664193.750734,NONE
1926,1771664193.818362,NONE
1927,1771664193.885851,NONE
1928,1771664193.953755,NONE
1929,1771664194.021333,NONE
1930,1771664194.089333,NONE
1931,1771664194.156504,NONE
1932,1771664194.224715,NONE
1933,1771664194.292226,NONE
1934,1771664194.360374,NONE
1935,1771664194.427890,NONE
1936,1771664194.494683,NONE
1937,1771664194.562025,NONE
1938,1771664194.629914,NONE
1939,1771664194.696787,NONE
1940,1771664194.764430,NONE
1941,1771664194.831762,NONE
1942,1771664194.899042,NONE
1943,1771664194.966971,NONE
1944,1771664195.034377,NONE
1945,1771664195.102331,NONE
1946,1771664195.169230,NONE
1947,1771664195.236538,NONE
1948,1771664195.303937,NONE
1949,1771664195.371945,NONE
1950,1771664195.439699,NONE
1951,1771664195.507687,NONE
1952,1771664195.575579,NONE
1953,1771664195.642622,NONE
1954,1771664195.710214,NONE
1955,1771664195.776963,NONE
1956,1771664195.843762,NONE
1957,1771664195.968694,NONE
1958,1771664196.036700,NONE
1959,1771664196.103956,NONE
1960,1771664196.171228,NONE
1961,1771664196.237970,NONE
1962,1771664196.306183,NONE
1963,1771664196.374352,NONE
1964,1771664196.442174,NONE
1965,1771664196.509364,NONE
1966,1771664196.576090,NONE
1967,1771664196.643615,NONE
1968,1771664196.711482,NONE
1969,1771664196.779062,NONE
1970,1771664196.847009,NONE
1971,1771664196.914100,NONE
1972,1771664196.982086,NONE
1973,1771664197.050118,NONE
1974,1771664197.118275,NONE
1975,1771664197.185857,NONE
1976,1771664197.252849,NONE
1977,1771664197.319661,NONE
1978,1771664197.387575,NONE
1979,1771664197.455639,NONE
1980,1771664197.523019,NONE
1981,1771664197.590299,NONE
1982,1771664197.658374,NONE
1983,1771664197.726321,NONE
1984,1771664197.794291,NONE
1985,1771664197.861655,NONE
1986,1771664197.929145,NONE
1987,1771664197.996045,NONE
1988,1771664198.063744,NONE
1989,1771664198.131448,NONE
1990,1771664198.199551,NONE
1991,1771664198.266647,NONE
1992,1771664198.334107,NONE
1993,1771664198.401178,NONE
1994,1771664198.468555,NONE
1995,1771664198.536360,NONE
1996,1771664198.604335,NONE
1997,1771664198.672521,NONE
1998,1771664198.740250,NONE
1999,1771664198.807438,NONE
2000,1771664198.875088,NONE
2001,1771664198.941859,NONE
2002,1771664199.009534,NONE
2003,1771664199.126696,NONE
2004,1771664199.193403,NONE
2005,1771664199.260708,NONE
2006,1771664199.328629,NONE
2007,1771664199.396155,NONE
2008,1771664199.463529,NONE
2009,1771664199.531397,NONE
2010,1771664199.599145,NONE
2011,1771664199.666914,NONE
2012,1771664199.733969,NONE
2013,1771664199.801874,NONE
2014,1771664199.869813,NONE
2015,1771664199.937304,NONE
2016,1771664200.005543,NONE
2017,1771664200.072589,NONE
2018,1771664200.139746,NONE
2019,1771664200.207055,NONE
2020,1771664200.275208,NONE
2021,1771664200.342759,NONE
2022,1771664200.409995,NONE
2023,1771664200.477484,NONE
2024,1771664200.544922,NONE
2025,1771664200.611685,NONE
2026,1771664200.678390,NONE
2027,1771664200.745833,NONE
2028,1771664200.813007,NONE
2029,1771664200.880483,NONE
2030,1771664200.948346,NONE
2031,1771664201.015357,NONE
2032,1771664201.082867,NONE
2033,1771664201.150917,NONE
2034,1771664201.219054,NONE
2035,1771664201.286359,NONE
2036,1771664201.353329,NONE
2037,1771664201.421195,NONE
2038,1771664201.488696,NONE
2039,1771664201.556237,NONE
2040,1771664201.623663,NONE
2041,1771664201.691515,NONE
2042,1771664201.759089,NONE
2043,1771664201.825915,NONE
2044,1771664201.893753,NONE
2045,1771664201.961237,NONE
2046,1771664202.028857,NONE
2047,1771664202.096506,NONE
2048,1771664202.175920,NONE
2049,1771664202.244139,NONE
2050,1771664202.310970,NONE
2051,1771664202.377956,NONE
2052,1771664202.445382,NONE
2053,1771664202.512535,NONE
2054,1771664202.579526,NONE
2055,1771664202.646781,NONE
2056,1771664202.714668,NONE
2057,1771664202.782860,NONE
2058,1771664202.850414,NONE
2059,1771664202.917384,NONE
2060,1771664202.984817,NONE
2061,1771664203.052211,NONE
2062,1771664203.119652,NONE
2063,1771664203.186509,NONE
2064,1771664203.254184,NONE
2065,1771664203.322069,NONE
2066,1771664203.389645,NONE
2067,1771664203.456903,NONE
2068,1771664203.558651,NONE
2069,1771664203.626328,NONE
2070,1771664203.693815,NONE
2071,1771664203.760948,NONE
2072,1771664203.828515,NONE
2073,1771664203.896683,NONE
2074,1771664203.964272,NONE
2075,1771664204.031767,NONE
2076,1771664204.099103,NONE
2077,1771664204.166945,NONE
2078,1771664204.233922,NONE
2079,1771664204.301756,NONE
